{
  "method": "cuda_hamiltonian_geodesic_rawkernel",
  "resolution": 48,
  "spin": 0.7,
  "inclination_deg": 60.0,
  "inner_radius": 3.3931284701816304,
  "outer_radius": 28.0,
  "elapsed_s": 0.004531099999439903,
  "intensity_max": 0.03936818987131119,
  "redshift_min": 0.3327798545360565,
  "redshift_max": 1.2212755680084229,
  "hit_fraction": 0.9175347222222222,
  "status_counts": {
    "disk": 2114,
    "captured": 180,
    "escaped": 9,
    "max_steps": 0,
    "invalid": 1
  },
  "null_error_max": 1000000.0,
  "null_error_mean": 79427.08479797567,
  "disk_null_error_max": 0.24167828261852264,
  "disk_null_error_mean": 0.0015962588901174413,
  "step_size": 0.35,
  "max_steps": 700,
  "gpu_kernel_elapsed_s": 0.003375103950500488,
  "cuda_block": "16x16",
  "backend": "cuda",
  "backend_reason": "cupy_cuda_devices=1; device0=NVIDIA GeForce RTX 4060 Laptop GPU",
  "precision": "float32"
}