{
  "reference": {
    "image_shape": [
      48,
      48
    ],
    "fov_m": 24.0,
    "intensity_max": 0.039368100464344025,
    "intensity_total": 2.5975776405066426,
    "ring_diameter_M": 9.715556216395122,
    "asymmetry": {
      "north_flux": 1.5606964486032666,
      "south_flux": 1.036881191903376,
      "south_over_north": 0.6643708280564904
    },
    "photon_ring_peak_radius_M": 4.596194077712559,
    "photon_ring_peak_intensity": 0.004865384535757282,
    "meta": {
      "source": "reference/gpu_geodesic_reference_float64.npz",
      "resolution": 48,
      "fov_m": 24.0,
      "spin": 0.7,
      "inclination_deg": 60.0
    }
  },
  "sweep": [
    {
      "spin": 0.0,
      "inclination_deg": 10.0,
      "image_path": "figures\\sweep\\sweep_spin0.0_inc10.png",
      "metrics": {
        "image_shape": [
          384,
          384
        ],
        "fov_m": 24.0,
        "intensity_max": 0.7450980392156863,
        "intensity_total": 57232.94117647059,
        "ring_diameter_M": 20.749180191468493,
        "asymmetry": {
          "north_flux": 28053.67058823529,
          "south_flux": 29179.270588235293,
          "south_over_north": 1.0401230917879258
        },
        "photon_ring_peak_radius_M": 7.4246212024587495,
        "photon_ring_peak_intensity": 0.6620508870215073
      }
    },
    {
      "spin": 0.0,
      "inclination_deg": 30.0,
      "image_path": "figures\\sweep\\sweep_spin0.0_inc30.png",
      "metrics": {
        "image_shape": [
          384,
          384
        ],
        "fov_m": 24.0,
        "intensity_max": 0.7568627450980392,
        "intensity_total": 48490.58823529411,
        "ring_diameter_M": 18.373247745295853,
        "asymmetry": {
          "north_flux": 22953.67058823529,
          "south_flux": 25536.91764705882,
          "south_over_north": 1.112541784935589
        },
        "photon_ring_peak_radius_M": 7.4246212024587495,
        "photon_ring_peak_intensity": 0.5472315592903876
      }
    },
    {
      "spin": 0.0,
      "inclination_deg": 60.0,
      "image_path": "figures\\sweep\\sweep_spin0.0_inc60.png",
      "metrics": {
        "image_shape": [
          384,
          384
        ],
        "fov_m": 24.0,
        "intensity_max": 0.788235294117647,
        "intensity_total": 34046.717647058824,
        "ring_diameter_M": 16.346566008245116,
        "asymmetry": {
          "north_flux": 15958.058823529413,
          "south_flux": 18088.65882352941,
          "south_over_north": 1.133512479403731
        },
        "photon_ring_peak_radius_M": 7.4246212024587495,
        "photon_ring_peak_intensity": 0.4131970121382254
      }
    },
    {
      "spin": 0.0,
      "inclination_deg": 80.0,
      "image_path": "figures\\sweep\\sweep_spin0.0_inc80.png",
      "metrics": {
        "image_shape": [
          384,
          384
        ],
        "fov_m": 24.0,
        "intensity_max": 0.8274509803921568,
        "intensity_total": 20157.95294117647,
        "ring_diameter_M": 15.240686341601823,
        "asymmetry": {
          "north_flux": 10793.329411764706,
          "south_flux": 9364.623529411765,
          "south_over_north": 0.8676306607675983
        },
        "photon_ring_peak_radius_M": 7.4246212024587495,
        "photon_ring_peak_intensity": 0.3033669467786629
      }
    },
    {
      "spin": 0.3,
      "inclination_deg": 10.0,
      "image_path": "figures\\sweep\\sweep_spin0.3_inc10.png",
      "metrics": {
        "image_shape": [
          384,
          384
        ],
        "fov_m": 24.0,
        "intensity_max": 0.7450980392156863,
        "intensity_total": 57568.27058823529,
        "ring_diameter_M": 19.028365233860693,
        "asymmetry": {
          "north_flux": 28317.35294117647,
          "south_flux": 29250.91764705882,
          "south_over_north": 1.0329679369332876
        },
        "photon_ring_peak_radius_M": 6.717514421272202,
        "photon_ring_peak_intensity": 0.6567635694952434
      }
    },
    {
      "spin": 0.3,
      "inclination_deg": 30.0,
      "image_path": "figures\\sweep\\sweep_spin0.3_inc30.png",
      "metrics": {
        "image_shape": [
          384,
          384
        ],
        "fov_m": 24.0,
        "intensity_max": 0.7686274509803922,
        "intensity_total": 46622.047058823526,
        "ring_diameter_M": 16.078206022474788,
        "asymmetry": {
          "north_flux": 22631.470588235294,
          "south_flux": 23990.576470588232,
          "south_over_north": 1.0600538032671838
        },
        "photon_ring_peak_radius_M": 6.717514421272202,
        "photon_ring_peak_intensity": 0.5555388541085342
      }
    },
    {
      "spin": 0.3,
      "inclination_deg": 60.0,
      "image_path": "figures\\sweep\\sweep_spin0.3_inc60.png",
      "metrics": {
        "image_shape": [
          384,
          384
        ],
        "fov_m": 24.0,
        "intensity_max": 0.792156862745098,
        "intensity_total": 31024.90588235294,
        "ring_diameter_M": 14.62215589294375,
        "asymmetry": {
          "north_flux": 15045.811764705883,
          "south_flux": 15979.094117647059,
          "south_over_north": 1.0620293785098687
        },
        "photon_ring_peak_radius_M": 6.717514421272202,
        "photon_ring_peak_intensity": 0.3929683464534305
      }
    },
    {
      "spin": 0.3,
      "inclination_deg": 80.0,
      "image_path": "figures\\sweep\\sweep_spin0.3_inc80.png",
      "metrics": {
        "image_shape": [
          384,
          384
        ],
        "fov_m": 24.0,
        "intensity_max": 0.8509803921568627,
        "intensity_total": 18124.05882352941,
        "ring_diameter_M": 13.632663656409697,
        "asymmetry": {
          "north_flux": 10111.270588235293,
          "south_flux": 8012.788235294117,
          "south_over_north": 0.792461062669729
        },
        "photon_ring_peak_radius_M": 6.717514421272202,
        "photon_ring_peak_intensity": 0.29316876381741647
      }
    },
    {
      "spin": 0.5,
      "inclination_deg": 10.0,
      "image_path": "figures\\sweep\\sweep_spin0.5_inc10.png",
      "metrics": {
        "image_shape": [
          384,
          384
        ],
        "fov_m": 24.0,
        "intensity_max": 0.7490196078431373,
        "intensity_total": 55307.611764705885,
        "ring_diameter_M": 17.213338641692562,
        "asymmetry": {
          "north_flux": 27550.870588235295,
          "south_flux": 27756.741176470587,
          "south_over_north": 1.0074723805034025
        },
        "photon_ring_peak_radius_M": 6.0104076400856545,
        "photon_ring_peak_intensity": 0.655494113038837
      }
    },
    {
      "spin": 0.5,
      "inclination_deg": 30.0,
      "image_path": "figures\\sweep\\sweep_spin0.5_inc30.png",
      "metrics": {
        "image_shape": [
          384,
          384
        ],
        "fov_m": 24.0,
        "intensity_max": 0.7725490196078432,
        "intensity_total": 44475.352941176476,
        "ring_diameter_M": 14.280883581048101,
        "asymmetry": {
          "north_flux": 21870.176470588238,
          "south_flux": 22605.176470588234,
          "south_over_north": 1.0336074105752393
        },
        "photon_ring_peak_radius_M": 6.0104076400856545,
        "photon_ring_peak_intensity": 0.5442944863021597
      }
    },
    {
      "spin": 0.5,
      "inclination_deg": 60.0,
      "image_path": "figures\\sweep\\sweep_spin0.5_inc60.png",
      "metrics": {
        "image_shape": [
          384,
          384
        ],
        "fov_m": 24.0,
        "intensity_max": 0.807843137254902,
        "intensity_total": 28535.752941176474,
        "ring_diameter_M": 13.212573872567319,
        "asymmetry": {
          "north_flux": 14189.576470588236,
          "south_flux": 14346.176470588238,
          "south_over_north": 1.0110362702033142
        },
        "photon_ring_peak_radius_M": 6.0104076400856545,
        "photon_ring_peak_intensity": 0.3702351328310129
      }
    },
    {
      "spin": 0.5,