{
  "resolution": 48,
  "spin": 0.7,
  "inclination_deg": 60.0,
  "pi_linear": 0.1,
  "disk_hit_pixels": 2114,
  "pi_obs_mean": 0.10000000000000002,
  "pi_obs_max": 0.10000000000000003,
  "stokes_I_max": 0.03936809949469809,
  "stokes_Q_minmax": [
    -0.0007127379045051333,
    0.003324794906101317
  ],
  "stokes_U_minmax": [
    -0.002108129837227114,
    0.0010938783842505031
  ],
  "elapsed_s": 32.50622880000083
}